{
    "pools": [
        {
            "rolls": 1,
            "entries": [
                {
                    "type": "item",
                    "name": "minecraft:iron_ingot",
                    "weight": 1,
                    "functions": [
                        {
                            "function": "set_count",
                            "count": {
                                "min": 64,
                                "max": 128
                            }
                        },
                        {
                            "function": "looting_enchant",
                            "count": {
                                "min": 0,
                                "max": 1
                            }
                        }
                    ]
                }
            ]
        },
        {
            "conditions": [
                {
                    "condition": "killed_by_player"
                },
                {
                    "condition": "random_chance_with_looting",
                    "chance": 100,
                    "looting_multiplier": 2
                }
            ],
            "rolls": 1,
            "entries": [
              {
                "type": "item",
                "name": "minecraft:trident",
                "weight": 5,
                "functions": [
                  {
                    "function": "set_damage",
                    "damage": {
                      "min": 251,
                      "max": 251
                    }
                  }
                ]
              },
              {
                "type": "item",
                "name": "minecraft:gold_ingot",
                "weight": 5
              }
            ]
        }
    ]
}