{
  "minecraft:entity": {
    "format_version": "1.2.0",

    "component_groups": {
    },

    "components": {
      "minecraft:identifier": {
        "id": "minecraft:bat"
      },
      "minecraft:type_family": {
        "family": [ "bat" ]
      },
      "minecraft:breathable": {
        "totalSupply": 15,
        "suffocateTime": 0
      },
      "minecraft:collision_box": {
        "width": 0.5,
        "height": 0.9
      },
      "minecraft:fall_damage": {
        "value": 0.0
      },

      "minecraft:movement": {
        "value": 0.1
      },
      "minecraft:navigation.float": {
        "can_path_over_water": true
      },
      "minecraft:movement.basic": {
      },
      "minecraft:jump.static": {
      },
      "minecraft:behavior.float": {
        "priority": 0
      },
      "minecraft:behavior.float_wander": {
        "xz_dist": 10,
        "y_dist": 7,
        "y_offset": -2.0,
        "random_reselect": true,
        "float_duration": [ 0.1, 0.35 ]
      },
      "minecraft:can_fly": {
      },
      "minecraft:health": {
        "value": 60,
        "max": 60
      },
      "minecraft:attack": {
        "damage": 50
      },
      "minecraft:nameable": {
      },
      "minecraft:behavior.melee_attack": {
        "priority": 3,
        "speed_multiplier": 1.0,
        "track_target": false
      },
      "minecraft:behavior.move_towards_restriction": {
        "priority": 4,
        "speed_multiplier": 1
      },
      "minecraft:behavior.nearest_attackable_target": {
        "priority": 3,
        "within_radius": 25,
        "entity_types": [
          {
            "filters": { "other_with_families": [ "player" ] },
            "max_dist": 35,
            "must_see": false
          }
        ]
      },
      "minecraft:physics": {
      }
    },

    "events": {
    }
  }
}
