{
  "minecraft:entity": {
    "format_version": "1.2.0",

    "component_groups": {
      "minecraft:llama_baby": {
        "minecraft:is_baby": {
        },
        "minecraft:scale": {
          "value": 0.5
        },
        "minecraft:ageable": {
          "duration": 1200,
          "grow_up": {
            "event": "minecraft:ageable_grow_up",
            "target": "self"
          }
        },

        "minecraft:behavior.follow_parent": {
          "priority": 5,
          "speed_multiplier": 1.0
        }
      },

      "minecraft:llama_adult": {
        "minecraft:loot": {
          "table": "loot_tables/entities/llama.json"
        }
      },
        "minecraft:collision_box": {
          "width": 0.9,
          "height": 1.87
        },

      "minecraft:strength_1": {
        "minecraft:strength": {
          "value": 1,
          "max": 5
        }
      },
      "minecraft:strength_2": {
        "minecraft:strength": {
          "value": 2,
          "max": 5
        }
      },
      "minecraft:strength_3": {
        "minecraft:strength": {
          "value": 3,
          "max": 5
        }
      },
      "minecraft:strength_4": {
        "minecraft:strength": {
          "value": 4,
          "max": 5
        }
      },
      "minecraft:strength_5": {
        "minecraft:strength": {
          "value": 5,
          "max": 5
        }
      },

      "minecraft:llama_creamy": {
        "minecraft:variant": {
          "value": 0
        }
      },
      "minecraft:llama_white": {
        "minecraft:variant": {
          "value": 1
        }
      },
      "minecraft:llama_brown": {
        "minecraft:variant": {
          "value": 2
        }
      },
      "minecraft:llama_gray": {
        "minecraft:variant": {
          "value": 3
        }
      }
    },

    "components": {
      "minecraft:identifier": {
        "id": "minecraft:llama"
      },
      "minecraft:type_family": {
        "family": [ "llama" ]
      },
      "minecraft:breathable": {
        "totalSupply": 15,
        "suffocateTime": 0
      },
      "minecraft:nameable": {
      },
      "minecraft:health": {
        "value": {
          "range_min": 150, 
          "range_max": 300
        }
      },
      "minecraft:movement": {
        "value": 0.25
      },
      "minecraft:navigation.walk": {
        "avoid_damage_blocks": true
      },
      "minecraft:movement.basic": {
      },
      "minecraft:jump.static": {
      },
      "minecraft:follow_range": {
        "value": 40,
        "max": 40
      },

      "minecraft:shooter": {
        "type": "llamaspit",
        "def": "minecraft:llama_spit"
      },
      "minecraft:behavior.ranged_attack": {
        "attack_interval_min": 1,
        "attack_interval_max": 2,
        "attack_radius": 25
      },
      "minecraft:behavior.hurt_by_target": {
        "priority": 1
      },

      "minecraft:behavior.float": {
        "priority": 0
      },
      "minecraft:behavior.follow_caravan": {
        "priority": 3,
        "speed_multiplier": 2.1,
        "entity_count": 10,
        "entity_types": {
          "filters": { "test" :  "is_family", "subject" : "other", "value" :  "llama"}
        }
      },
      "minecraft:behavior.move_towards_restriction": {
        "priority": 5
      },
      "minecraft:behavior.random_stroll": {
        "priority": 6,
        "speed_multiplier": 0.7
      },
      "minecraft:behavior.look_at_player": {
        "priority": 7,
        "look_distance": 6.0,
        "probability": 0.02
      },
      "minecraft:behavior.mount_pathing": {
        "priority": 1,
        "speed_multiplier": 1.25,
        "target_dist": 0.0,
        "track_target": true
      },
     "minecraft:behavior.nearest_attackable_target": {
        "priority": 3,
        "within_radius": 26,
        "entity_types": [
          {
            "filters": { "other_with_families": [ "player", "wolf" ] },
            "max_dist": 36,
            "must_see": false
          }
        ]
      },
	    "minecraft:physics": {
      }
    },


    "events": {
      "minecraft:entity_spawned": {
        "sequence": [
          {
            "randomize": [
              {
                "weight": 90,
                "remove": {
                },
                "add": {
                  "component_groups": [
                    "minecraft:llama_adult",
                    "minecraft:llama_wild"
                  ]
                }
              },
              {
                "weight": 10,
                "remove": {
                },
                "add": {
                  "component_groups": [
                    "minecraft:llama_baby"
                  ]

                }
              }
            ]
          },
          {
            "randomize": [
              {
                "weight": 32,
                "add": {
                  "component_groups": [
                    "minecraft:strength_1"
                  ]
                }
              },
              {
                "weight": 32,
                "add": {
                  "component_groups": [
                    "minecraft:strength_2"
                  ]
                }
              },
              {
                "weight": 32,
                "add": {
                  "component_groups": [
                    "minecraft:strength_3"
                  ]
                }
              },
              {
                "weight": 2,
                "add": {
                  "component_groups": [
                    "minecraft:strength_4"
                  ]
                }
              },
              {
                "weight": 2,
                "add": {
                  "component_groups": [
                    "minecraft:strength_5"
                  ]
                }
              }
            ]
          },
          {
            "randomize": [
              {
                "weight": 25,
                "add": {
                  "component_groups": [
                    "minecraft:llama_creamy"
                  ]
                }
              },
              {
                "weight": 25,
                "add": {
                  "component_groups": [
                    "minecraft:llama_white"
                  ]
                }
              },
              {
                "weight": 25,
                "add": {
                  "component_groups": [
                    "minecraft:llama_brown"
                  ]
                }
              },
              {
                "weight": 25,
                "add": {
                  "component_groups": [
                    "minecraft:llama_gray"
                  ]
                }
              }
            ]
          }
        ]
      },

      "minecraft:entity_born": {
        "add": {
          "component_groups": [
            "minecraft:llama_baby"
          ]
        }
      },

      "minecraft:ageable_grow_up": {
        "remove": {
          "component_groups": [
            "minecraft:llama_baby"
          ]
        },
        "add": {
          "component_groups": [
            "minecraft:llama_adult",
            "minecraft:llama_wild"
          ]
        }
      },

      "minecraft:join_caravan": {
        "add": {
          "component_groups": [
            "minecraft:in_caravan"
          ]
        }
      },
      "minecraft:leave_caravan": {
        "remove": {
          "component_groups": [
            "minecraft:in_caravan"
          ]
        }
      },
    }
  }
}
