{
  "minecraft:entity": {
    "format_version": "1.2.0",

    "component_groups": {
      "minecraft:ocelot_baby": {
        "minecraft:is_baby": {
        },
        "minecraft:scale": {
          "value": 0.5
        },
        "minecraft:ageable": {
          "duration": 1200,
          "grow_up": {
            "event": "minecraft:ageable_grow_up",
            "target": "self"
          }
        }
      },

      "minecraft:ocelot_adult": {
        "minecraft:loot": {
          "table": "loot_tables/entities/ocelot.json"
        },
        "minecraft:scale": {
          "value": 1
        }
      },
      "minecraft:ocelot_wild": {
        "minecraft:variant": {
          "value": 0
        },
        "minecraft:health": {
          "value": 100,
          "max": 100
        },
        "minecraft:rideable": {
          "seat_count": 1,
          "family_types": [
            "zombie"
          ],
          "seats": {
            "position": [ 0.0, 0.35, 0.0 ]
          }
        }
      },
      "minecraft:ocelot_tuxedo": {
        "minecraft:variant": {
          "value": 1
        }
      },
      "minecraft:ocelot_tabby": {
        "minecraft:variant": {
          "value": 2
        }
      },
      "minecraft:ocelot_siamese": {
        "minecraft:variant": {
          "value": 3
        }
      }
    },

    "components": {
      "minecraft:attack_damage": {
        "value": 200
      },
      "minecraft:identifier": {
        "id": "minecraft:ocelot"
      },
      "minecraft:nameable": {
      },
      "minecraft:type_family": {
        "family": [ "ocelot" ]
      },
      "minecraft:breathable": {
        "totalSupply": 15,
        "suffocateTime": 0
      },
      "minecraft:health": {
        "value": 100,
        "max": 100
      },
      "minecraft:attack": {
        "damage": 200
      },
      "minecraft:collision_box": {
        "width": 0.6,
        "height": 0.7
      },
      "minecraft:movement": {
        "value": 0.3
      },
      "minecraft:navigation.walk": {
        "can_path_over_water": true,
        "avoid_water": true,
        "avoid_damage_blocks": true
      },
      "minecraft:movement.basic": {
        
      },
      "minecraft:jump.static": {
      },
      "minecraft:can_climb": {
      },
      "minecraft:fall_damage": {
        "value": 0.0
      },
      "minecraft:behavior.float": {
        "priority": 0
      },
      "minecraft:behavior.mount_pathing": {
        "priority": 1,
        "speed_multiplier": 1.25,
        "target_dist": 0,
        "track_target": true
      },
      "minecraft:behavior.leap_at_target": {
        "priority": 3,
        "target_dist": 0.3
      },
      "minecraft:behavior.random_stroll": {
        "priority": 7,
        "speed_multiplier": 0.8
      },
      "minecraft:behavior.look_at_player": {
        "priority": 8
      },
      "minecraft:behavior.melee_attack": {
        "priority": 3,
        "speed_multiplier": 1.0,
        "track_target": false
      },
      "minecraft:behavior.move_towards_restriction": {
        "priority": 4,
        "speed_multiplier": 1
      },
      "minecraft:behavior.nearest_attackable_target": {
        "priority": 3,
        "within_radius": 25,
        "entity_types": [
          {
            "filters": { "other_with_families": [ "player", "chicken" ] },
            "max_dist": 35,
            "must_see": false
          }
        ]
      },
	    "minecraft:physics": {
      }
    },

    "events": {
      "minecraft:entity_spawned": {
        "sequence": [
          {
            "randomize": [
              {
                "weight": 3,
                "remove": {
                },
                "add": {
                  "component_groups": [
                    "minecraft:ocelot_adult"
                  ]
                }
              },
              {
                "weight": 1,
                "remove": {
                },
                "add": {
                  "component_groups": [
                    "minecraft:ocelot_baby"
                  ]
                }
              }
            ]
          }
        ]
      },

      "minecraft:ageable_grow_up": {
        "remove": {
          "component_groups": [
            "minecraft:ocelot_baby"
          ]
        },
        "add": {
          "component_groups": [
            "minecraft:ocelot_adult"
          ]
        }
      }
    }
  }
}
