{
  "minecraft:entity": {
    "format_version": "1.2.0",

    "component_groups": {
      "minecraft:parrot_red": {
        "minecraft:variant": { "value": 0 }
      },
      "minecraft:parrot_blue": {
        "minecraft:variant": { "value": 1 }
      },
      "minecraft:parrot_green": {
        "minecraft:variant": { "value": 2 }
      },
      "minecraft:parrot_cyan": {
        "minecraft:variant": { "value": 3 }
      },
      "minecraft:parrot_silver": {
        "minecraft:variant": { "value": 4 }
      },

      "minecraft:parrot_adult": {
        "minecraft:loot": {
          "table": "loot_tables/entities/parrot.json"
        }
      }
      },

    "components": {
      "minecraft:identifier": {
        "id": "minecraft:parrot"
      },
        "minecraft:type_family": {
          "family": [ "parrot" ]
      },
      "minecraft:breathable": {
        "totalSupply": 15,
        "suffocateTime": 0
      },
      "minecraft:collision_box": {
        "width": 0.5,
        "height": 1
      },
      "minecraft:nameable": {
      },
      "minecraft:health": {
        "value": 60,
        "max": 60
      },
      "minecraft:attack": {
        "damage": 50
      },
      "minecraft:movement": {
        "value": 0.4
      },
      "minecraft:fall_damage": {
        "value": 0.0
      },
      "minecraft:behavior.move_towards_restriction": {
        "priority": 5
      },
      "minecraft:behavior.random_stroll": {
        "priority": 6,
        "speed_multiplier": 0.7
      },
      "minecraft:behavior.melee_attack": {
        "priority": 3,
        "speed_multiplier": 1,
        "track_target": false
      },
      "minecraft:jump.static": {
      },
      "minecraft:can_fly": {
        "value": true
      },
      "minecraft:navigation.fly": {
        "can_path_over_water": true
      },
      "minecraft:movement.fly": {
      },
     "minecraft:behavior.nearest_attackable_target": {
        "priority": 3,
        "within_radius": 26,
        "entity_types": [
          {
            "filters": { "other_with_families": [ "player" ] },
            "max_dist": 36,
            "must_see": false
          }
        ]
      },
      "minecraft:physics": {
      },
      "minecraft:behavior.float": {
        "priority": 0
      },
      "minecraft:behavior.look_at_player": {
        "priority": 7,
        "look_distance": 8.0
      },
        "minecraft:behavior.random_fly": {
          "priority": 6,
          "xz_dist": 15,
          "y_dist": 1,
          "y_offset": 0,
          "speed_multiplier": 1.0,
          "can_land_on_trees": true,
          "avoid_damage_blocks": true
        },
        "minecraft:behavior.follow_mob": {
          "priority": 7,
          "speed_multiplier": 1.0,
          "stop_distance": 3,
          "search_range": 20
        }
      },

    "events": {
      "minecraft:entity_spawned": {
        "randomize": [
          {
            "weight": 20,
            "add": {
              "component_groups": [
                "minecraft:parrot_red",
                "minecraft:parrot_adult"
              ]
            }
          },
          {
            "weight": 20,
            "add": {
              "component_groups": [
                "minecraft:parrot_blue",
                "minecraft:parrot_adult"
              ]
            }
          },
          {
            "weight": 20,
            "add": {
              "component_groups": [
                "minecraft:parrot_green",
                "minecraft:parrot_adult"
              ]
            }
          },
          {
            "weight": 20,
            "add": {
              "component_groups": [
                "minecraft:parrot_cyan",
                "minecraft:parrot_adult"
              ]
            }
          },
          {
            "weight": 20,
            "add": {
              "component_groups": [
                "minecraft:parrot_silver",
                "minecraft:parrot_adult"
              ]
            }
          }
        ]
      }
    }
  }
}
