{
  "minecraft:entity": {
    "format_version": "1.2.0",

    "component_groups": {
      "minecraft:pig_baby": {
        "minecraft:is_baby": {
        },
        "minecraft:scale": {
          "value": 0.5
        },
        "minecraft:ageable": {
          "duration": 1200,
          "grow_up": {
            "event": "minecraft:ageable_grow_up",
            "target": "self"
          }
        },

        "minecraft:behavior.follow_parent": {
          "priority": 6,
          "speed_multiplier": 1.1
        }
      },

      "minecraft:pig_transform": {
        "minecraft:transformation": {
          "into": "minecraft:pig_zombie",
          "delay": 0.5
        }
      },

      "minecraft:pig_adult": {
        "minecraft:loot": {
          "table": "loot_tables/entities/pig.json"
        }
      },

        "minecraft:rideable": {
          "seat_count": 1,
          "family_types": [
            "zombie"
          ],
          "seats": {
            "position": [ 0.0, 0.63, 0.0 ]
          }
        }
      },


    "components": {
      "minecraft:damage_sensor": {
        "on_damage": {
          "filters": { "test" :  "is_family", "subject" : "other", "value" :  "lightning"},
          "event": "become_zombie"
        },
        "deals_damage": false
      },
      "minecraft:identifier": {
        "id": "minecraft:pig"
      },
      "minecraft:type_family": {
        "family": [ "pig" ]
      },
      "minecraft:breathable": {
        "totalSupply": 15,
        "suffocateTime": 0
      },
      "minecraft:nameable": {
      },
      "minecraft:health": {
        "value": 100,
        "max": 100
      },
      "minecraft:attack": {
        "damage": 50
      },
      "minecraft:movement": {
        "value": 0.25
      },
      "minecraft:navigation.walk": {
        "avoid_water": true,
        "avoid_damage_blocks": true
      },
      "minecraft:movement.basic": {

      },
      "minecraft:jump.static": {
      },
      "minecraft:can_climb": {
      },
      "minecraft:collision_box": {
        "width": 0.9,
        "height": 0.9
      },
      "minecraft:behavior.mount_pathing": {
        "priority": 1,
        "speed_multiplier": 1.25,
        "target_dist": 0.0,
        "track_target": true
      },
      "minecraft:behavior.float": {
        "priority": 2
      },
      "minecraft:behavior.random_stroll": {
        "priority": 7,
        "speed_multiplier": 1.0
      },
      "minecraft:behavior.look_at_player": {
        "priority": 8,
        "look_distance": 6.0,
        "probability": 0.02
      },
      "minecraft:behavior.melee_attack": {
        "priority": 3,
        "speed_multiplier": 1.0,
        "track_target": false
      },
      "minecraft:behavior.move_towards_restriction": {
        "priority": 4,
        "speed_multiplier": 1
      },
      "minecraft:behavior.nearest_attackable_target": {
        "priority": 3,
        "within_radius": 25,
        "entity_types": [
          {
            "filters": { "other_with_families": [ "player" ] },
            "max_dist": 35,
            "must_see": false
          }
        ]
      },
	    "minecraft:physics": {
      }
    },

    "events": {
      "become_zombie": {
        "remove": {
        },
        "add": {
          "component_groups": [
            "minecraft:pig_transform"
          ]
        }
      },
      "minecraft:entity_spawned": {
        "randomize": [
          {
            "weight": 95,
            "remove": {
            },
            "add": {
              "component_groups": [
                "minecraft:pig_adult"
              ]
            }
          },
          {
            "weight": 5,
            "remove": {
            },
            "add": {
              "component_groups": [
                "minecraft:pig_baby"
              ]

            }
          }
        ]
      },

      "minecraft:entity_born": {
        "remove": {
        },
        "add": {
          "component_groups": [
            "minecraft:pig_baby"
          ]
        }
      },

      "minecraft:ageable_grow_up": {
        "remove": {
          "component_groups": [
            "minecraft:pig_baby"
          ]
        },
        "add": {
          "component_groups": [
            "minecraft:pig_adult"
          ]
        }
      }
    }
  }
}
