{
  "minecraft:entity": {
    "format_version": "1.2.0",

    "component_groups": {
      "minecraft:baby": {
        "minecraft:is_baby": {
        },
        "minecraft:scale": {
          "value": 0.5
        },
        "minecraft:ageable": {
          "duration": 1200,
          "grow_up": {
            "event": "minecraft:ageable_grow_up",
            "target": "self"
          }
        },

        "minecraft:behavior.follow_parent": {
          "priority": 4,
          "speed_multiplier": 1.25
        }
      },

      "minecraft:adult": {
        "minecraft:loot": {
          "table": "loot_tables/entities/polar_bear.json"
        }
      }
    },

    "components": {
      "minecraft:identifier": {
        "id": "minecraft:polar_bear"
      },
      "minecraft:type_family": {
        "family": [ "polarbear" ]
      },
      "minecraft:breathable": {
        "totalSupply": 15,
        "suffocateTime": 0
      },
      "minecraft:nameable": {
      },
      "minecraft:health": {
        "value": 300
      },
      "minecraft:attack": {
        "damage": 300
      },
        "minecraft:behavior.stomp_attack": {
          "priority": 1,
          "track_target": true
      },
      "minecraft:collision_box": {
        "width": 1.3,
        "height": 1.4
      },
      "minecraft:movement": {
        "value": 0.25
      },
      "minecraft:navigation.walk": {
        "can_path_over_water": true,
        "avoid_damage_blocks": true
      },
      "minecraft:movement.basic": {

      },
      "minecraft:jump.static": {
      },
      "minecraft:can_climb": {
      },
      "minecraft:follow_range": {
        "value": 48
      },

      "minecraft:behavior.float": {
        "priority": 0
      },
      "minecraft:behavior.random_stroll": {
        "priority": 7
      },
      "minecraft:behavior.look_at_player": {
        "priority": 6,
        "target_distance": 6.0,
        "probability": 0.02
      },
      "minecraft:behavior.melee_attack": {
        "priority": 3,
        "speed_multiplier": 1,
        "track_target": true
      },
      "minecraft:behavior.move_towards_restriction": {
        "priority": 5
      },
     "minecraft:behavior.nearest_attackable_target": {
        "priority": 3,
        "within_radius": 26,
        "entity_types": [
          {
            "filters": { "other_with_families": [ "player", "wolf" ] },
            "max_dist": 36,
            "must_see": false
          }
        ]
      },
      "minecraft:physics": {
      }
    },

    "events": {
      "minecraft:entity_spawned": {
        "randomize": [
          {
            "weight": 9,
            "add": {
              "component_groups": [
                "minecraft:adult"
              ]
            }
          },
          {
            "weight": 1,
            "add": {
              "component_groups": [
                "minecraft:baby"
              ]
            }
          }
        ]
      },

      "minecraft:entity_born": {
        "add": {
          "component_groups": [
            "minecraft:baby"
          ]
        }
      },

      "minecraft:ageable_grow_up": {
        "remove": {
          "component_groups": [
            "minecraft:baby"
          ]
        },
        "add": {
          "component_groups": [
            "minecraft:adult"
          ]
        }
      }
    }
  }
}
