{
  "minecraft:entity": {
    "format_version": "1.2.0",

    "component_groups": {
      "scale_small": {
        "minecraft:scale": {
          "value": 0.5
        },

        "minecraft:health": {
          "value": 60,
          "max": 60
        },
      "minecraft:attack": {
        "damage": 50
      },
        "minecraft:loot": {
          "table": "loot_tables/entities/salmon_normal.json"
        }
      },
      "scale_normal": {
        "minecraft:scale": {
          "value": 1
        },

        "minecraft:health": {
          "value": 60,
          "max": 60
        },
      "minecraft:attack": {
        "damage": 50
      },
        "minecraft:loot": {
          "table": "loot_tables/entities/salmon_normal.json"
        }
      },

      "scale_large": {
        "minecraft:scale": {
          "value": 1.5
        },
        "minecraft:health": {
          "value": 60,
          "max": 60
        },
      "minecraft:attack": {
        "damage": 50
      },
        "minecraft:loot": {
          "table": "loot_tables/entities/salmon_large.json"
        }
      }
    },

    "components": {
      "minecraft:identifier": {
        "id": "minecraft:salmon"
      },
      "minecraft:type_family": {
        "family": [ "salmon", "fish" ]
      },
      "minecraft:collision_box": {
        "width": 0.5,
        "height": 0.5
      },

      "minecraft:breathable": {
        "totalSupply": 15,
        "suffocateTime": 0,
        "breathesAir": false,
        "breathesWater": true
      },
      "minecraft:movement": {
        "value": 0.12
      },
      "minecraft:underwater_movement": {
        "value": 0.12
      },
      "minecraft:navigation.generic": { // Allows the mob to go through water
        "is_amphibious": false,
        "can_path_over_water": false,
        "can_swim": true,
        "can_walk": false,
        "can_breach": false,
        "can_sink": false
      },
      "minecraft:movement.sway": {
        "sway_amplitude": 0.0
      },
      "minecraft:behavior.melee_attack": {
        "priority": 3,
        "speed_multiplier": 1.0,
        "track_target": false
      },
      "minecraft:behavior.move_towards_restriction": {
        "priority": 4,
        "speed_multiplier": 1
      },
      "minecraft:behavior.nearest_attackable_target": {
        "priority": 3,
        "within_radius": 25,
        "entity_types": [
          {
            "filters": { "other_with_families": [ "player" ] },
            "max_dist": 35,
            "must_see": false
          }
        ]
      },
      "minecraft:physics": {
        "has_gravity": false
      },
      "minecraft:behavior.follow_flock": {
        "priority": 2,
        "speed_multiplier": 0.12
      },
      "minecraft:behavior.swim_idle": {
        "priority": 5
      },

      "minecraft:behavior.random_swim": { // Randomly selects points to go to, even in water
        "speed_multiplier": 1.0,
        "priority": 3,
        "xz_dist": 16,
        "y_dist": 4,
        "interval": 0
      },

      "minecraft:behavior.swim_wander": {
        "priority": 4,
        "speed_multiplier": 0.014,
        "interval": 60
      },
      "minecraft:nameable": {
      }
    },

    "events": {
      "minecraft:entity_spawned": {
        "randomize": [
          {
            "weight": 30,
            "add": {
              "component_groups": [ "adult", "scale_small" ]
            }
          },
          {
            "weight": 50,
            "add": {
              "component_groups": [ "adult", "scale_normal" ]
            }
          },
          {
            "weight": 15,
            "add": {
              "component_groups": [ "adult", "scale_large" ]
            }
          }
        ]
      }
    }
  }
}