{
  "minecraft:entity": {
    "format_version": "1.2.0",

    "component_groups": {
      "minecraft:skeleton_horse_adult": {
        "minecraft:loot": {
          "table": "loot_tables/entities/skeleton_horse.json"
        },
        "minecraft:collision_box": {
          "width": 1.4,
          "height": 1.6
        }
      },

      "minecraft:skeleton_trap": {
        "minecraft:behavior.skeleton_horse_trap": {
          "within_radius": 10.0,
          "duration": 900.0,
          "priority": 2
        }
      },

      "minecraft:lightning_immune": {
        "minecraft:damage_sensor": [
          {
            "on_damage": {
              "filters": { "test": "is_family", "subject": "other", "value": "lightning" }
            },
            "deals_damage": false
          }
        ]
      }
    },

    "components": {
      "minecraft:identifier": {
        "id": "minecraft:skeleton_horse"
      },
      "minecraft:type_family": {
        "family": [ "skeletonhorse", "undead" ]
      },
      "minecraft:breathable": {
        "totalSupply": 15,
        "suffocateTime": 0,
        "breathesWater": true
      },
      "minecraft:health": {
        "value": 150,
        "max": 150
      },
      "minecraft:attack": {
        "damage": 50
      },
      "minecraft:movement": {
        "value": 0.2
      },
      "minecraft:underwater_movement": {
        "value": 0.08
      },
      "minecraft:navigation.walk": {
        "is_amphibious": true,
        "avoid_water": true
      },
      "minecraft:movement.basic": {
      },
      "minecraft:jump.static": {
      },
      "minecraft:nameable": {
      },
      "minecraft:horse.jump_strength": {
        "value": {
          "range_min": 0.4,
          "range_max": 1.0
        }
      },
      "minecraft:behavior.random_stroll": {
        "priority": 6,
        "speed_multiplier": 0.7
      },
      "minecraft:behavior.look_at_player": {
        "priority": 7,
        "look_distance": 6.0,
        "probability": 0.02
      },
      "minecraft:behavior.melee_attack": {
        "priority": 3,
        "speed_multiplier": 1.5,
        "track_target": false
      },
      "minecraft:behavior.move_towards_restriction": {
        "priority": 4,
        "speed_multiplier": 1
      },
      "minecraft:rideable": {
        "priority": 0,
        "seat_count": 1,
        "family_types": [
          "skeleton",
          "zombie"
        ],
        "interact_text": "action.interact.ride.horse",
        "seats": {
          "position": [ 0.0, 1.2, -0.2 ]
        }
      },
      "minecraft:behavior.mount_pathing": {
        "priority": 2,
        "speed_multiplier": 1.5,
        "target_dist": 4.0,
        "track_target": true
      },
      "minecraft:behavior.nearest_attackable_target": {
        "priority": 3,
        "within_radius": 25,
        "entity_types": [
          {
            "filters": { "other_with_families": [ "player" ] },
            "max_dist": 35,
            "must_see": false
          }
        ]
      },
      "minecraft:physics": {
      }
    },

    "events": {
      "minecraft:entity_spawned": {
        "add": {
          "component_groups": [
            "minecraft:skeleton_horse_adult"
          ]
        }
      },

      "minecraft:set_trap": {
        "add": { "component_groups": [ "minecraft:skeleton_trap", "minecraft:lightning_immune" ] }
      },

      "minecraft:spring_trap": {
        "add": { "component_groups": [ "minecraft:lightning_immune" ] }
      }
    }
  }
}
