{
  "minecraft:entity": {
    "format_version": "1.2.0",

    "component_groups":{
      "minecraft:squid_baby": {
        "minecraft:is_baby": {
        },
        "minecraft:scale": {
          "value": 0.5
        }
      }
    },
    
    "components":{
      "minecraft:identifier": {
        "id": "minecraft:squid"
      },
	  "minecraft:nameable": {
	  },
      "minecraft:type_family": {
        "family":["squid"]          
      },

      "minecraft:collision_box":{
        "width": 0.95,
        "height": 0.95
      },
      
      "minecraft:health": {
        "value": 100,
        "max": 100
      },
      "minecraft:attack": {
        "damage": 50
      },
      "minecraft:loot": {
        "table": "loot_tables/entities/squid.json"
      },

      "minecraft:breathable":{
        "totalSupply":15,
        "suffocateTime":0,
        "breathesAir": false,
        "breathesWater": true
      },

      "minecraft:movement": {
        "value": 0.2
      },
      "minecraft:navigation.walk": {
        "can_path_over_water": true,
        "can_sink": false
      },
      "minecraft:movement.basic": {
      },
      "minecraft:jump.static": {
      },
      "minecraft:can_climb": {
      },
      "minecraft:balloonable": {
      },
      "minecraft:behavior.squid_move_away_from_ground":{
        "priority": 1
      },
      "minecraft:behavior.squid_flee":{
        "priority": 2
      },
      "minecraft:behavior.squid_idle":{
        "priority": 2
      },
      "minecraft:behavior.squid_dive":{
        "priority": 2
      },
      "minecraft:behavior.squid_out_of_water":{
        "priority": 2
      },
      "minecraft:behavior.melee_attack": {
        "priority": 3,
        "speed_multiplier": 1.0,
        "track_target": false
      },
      "minecraft:behavior.move_towards_restriction": {
        "priority": 4,
        "speed_multiplier": 1
      },
      "minecraft:behavior.nearest_attackable_target": {
        "priority": 3,
        "within_radius": 25,
        "entity_types": [
          {
            "filters": { "other_with_families": [ "player" ] },
            "max_dist": 35,
            "must_see": false
          }
        ]
      },
	    "minecraft:physics": {
      }
    },
    
    "events":{
      "minecraft:entity_spawned": {
        "randomize": [
          {
            "weight": 95,
            "remove": {
            },
            "add": {
            }
          },
          {
            "weight": 5,
            "remove": {
            },
            "add": {
              "component_groups": [
                "minecraft:squid_baby"
              ]
            }
          }
        ]
      }
    }
  }
}