{
  "minecraft:entity": {
    "format_version": "1.2.0",

    "component_groups": {
      "minecraft:pig_zombie_baby": {
        "minecraft:is_baby": {
        },
        "minecraft:scale": {
          "value": 0.5
        }
      },

      "minecraft:pig_zombie_adult": {
      }
    },

    "components": {
      "minecraft:breathable": {
        "totalSupply": 15,
        "suffocateTime": 0,
        "breathesWater": true
      },
      "minecraft:collision_box": {
        "width": 0.6,
        "height": 1.8
      },
      "minecraft:nameable": {
      },
      "minecraft:navigation.walk": {
        "is_amphibious": true,
        "can_pass_doors": true,
        "can_open_doors": true,
        "avoid_water": true,
        "avoid_portals": true
      },
      "minecraft:movement.basic": {
      },
      "minecraft:jump.static": {
      },
      "minecraft:can_climb": {
      },
      "minecraft:fire_immune": true,
      "minecraft:burns_in_daylight": false,
      "minecraft:identifier": {
        "id": "minecraft:zombie_pigman"
      },
      "minecraft:type_family": {
        "family": [ "zombie_pigman", "undead", "monster", "zombie" ]
      },
      "minecraft:loot": {
        "table": "loot_tables/entities/zombie_pigman.json"
      },
      "minecraft:equipment": {
        "table": "loot_tables/entities/zombie_pigman_gear.json"
      },
      "minecraft:health": {
        "value": 200,
        "max": 200
      },
      "minecraft:movement": {
        "value": 0.23
      },
      "minecraft:attack": {
        "damage": 150
      },
      "minecraft:behavior.break_door": {
        "priority": 1
      },
      "minecraft:behavior.mount_pathing": {
        "priority": 2,
        "speed_multiplier": 1.25,
        "target_dist": 0,
        "track_target": true
      },
      "minecraft:behavior.melee_attack": {
        "priority": 3,
        "speed_multiplier": 1.5,
        "track_target": false
      },
      "minecraft:behavior.stomp_turtle_egg": {
        "priority": 4,
        "speed_multiplier": 1,
        "search_range": 24,
        "search_height": 3,
        "goal_radius": 1.14,
        "interval": 20
      },
      "minecraft:behavior.move_towards_restriction": {
        "priority": 5
      },
      "minecraft:behavior.random_stroll": {
        "priority": 6,
        "speed_multiplier": 1.0
      },
      "minecraft:behavior.look_at_player": {
        "priority": 7,
        "look_distance": 6.0,
        "probability": 0.02
      },
      "minecraft:behavior.hurt_by_target": {
        "priority": 1
      },
      "minecraft:behavior.nearest_attackable_target": {
        "priority": 3,
        "within_radius": 25,
        "entity_types": [
          {
            "filters": { "other_with_families": [ "player", "villager", "snowgolem", "irongolem" ] },
            "max_dist": 35,
            "must_see": false
          }
        ]
      },
      "minecraft:physics": {
      }

    },


    "events": {
      "minecraft:entity_transformed": {
        "remove": {
        },
        "add": {
          "component_groups": [
            "minecraft:pig_zombie_adult"
          ]
        }
      },
      "minecraft:entity_spawned": {
        "randomize": [
          {
            "weight": 95,
            "remove": {
            },
            "add": {
              "component_groups": [
                "minecraft:pig_zombie_adult"
              ]
            }
          }, 
          {
            "weight": 5,
            "remove": {
            },
            "add": {
              "component_groups": [
                "minecraft:pig_zombie_baby"
              ]

              }
            }
          ]
        }
      }
    }
  }
