{
  "minecraft:entity": {
    "format_version": "1.2.0",

    "component_groups": {
    },

    "components": {
      "minecraft:identifier": {
        "id": "minecraft:zombie_horse"
      },
      "minecraft:type_family": {
        "family": [ "zombiehorse", "undead", "monster", "zombie" ]
      },
      "minecraft:breathable": {
        "totalSupply": 15,
        "suffocateTime": 0,
        "breathesWater": true
      },
      "minecraft:collision_box": {
        "width": 1.4,
        "height": 1.6
      },
      "minecraft:health": {
        "value": 150,
        "max": 150
      },
      "minecraft:attack": {
        "damage": 50
      },
      "minecraft:loot": {
        "table": "loot_tables/entities/zombie_horse.json"
      },
      "minecraft:movement": {
        "value": 0.2
      },
      "minecraft:navigation.walk": {
        "is_amphibious": true,
        "avoid_water": true
      },
      "minecraft:movement.basic": {
      },
      "minecraft:jump.static": {
      },
      "minecraft:nameable": {
      },

      "minecraft:horse.jump_strength": {
        "value": {
          "range_min": 0.4,
          "range_max": 1.0
        }
      },
      "minecraft:behavior.random_stroll": {
        "priority": 6,
        "speed_multiplier": 0.7
      },
      "minecraft:behavior.look_at_player": {
        "priority": 7,
        "look_distance": 6.0,
        "probability": 0.02
      },
      "minecraft:behavior.melee_attack": {
        "priority": 3,
        "speed_multiplier": 1.5,
        "track_target": false
      },
      "minecraft:behavior.move_towards_restriction": {
        "priority": 4,
        "speed_multiplier": 1
      },
      "minecraft:behavior.nearest_attackable_target": {
        "priority": 3,
        "within_radius": 25,
        "entity_types": [
          {
            "filters": { "other_with_families": [ "player", "villager", "snowgolem", "irongolem" ] },
            "max_dist": 35,
            "must_see": false
          }
        ]
      },
	    "minecraft:physics": {
      }
    },

    "events": {
      }
    }
  }